amostra_id,item_hash,split_origem,texto_sha256,categoria_rascunho,urgencia_rascunho,categoria_revisada,urgencia_revisada,status_revisao
1,faq_08254cbc2202_default_2,train,43fd2f0ac4a97a54a18292aceab3450cc6fb52d984858a08172dc1c9bf8f4158,ACADEMICO,indeterminada,,,pendente
2,faq_08254cbc2202_default_formal_1_0,train,8f2ff58942ebf4c2c23460a0a6230d47b0afd0c5143e556aa4431d08b2af3f63,ACADEMICO,indeterminada,,,pendente
3,faq_08254cbc2202_default_naturalistic-imperfect_0_0,validation,9294efe7cce6f65ba1b35dfd31184f46851f5da6c4a3cce2fa5ecb6d311d8961,ACADEMICO,indeterminada,,,pendente
4,faq_0c1d5eddecbb_default_formal_1_1,train,4360971f41a652fb49bddba31441388e1ecfd15cf817ef38505ff21021890e2c,ACADEMICO,indeterminada,,,pendente
5,faq_0c1d5eddecbb_default_naturalistic-imperfect_0_1,train,1b4e0704b0a60eb93ef7aef6beb3d46e1c984089e0d4a5c40298197370694e60,ACADEMICO,indeterminada,,,pendente
6,faq_0c1d5eddecbb_default_naturalistic-imperfect_1_0,train,bb27a5a79657943fbeef6d360c53374c7157a04d14a0c83b1e7bcc3cdc8272e9,ACADEMICO,indeterminada,,,pendente
7,faq_0cdcf4c65dde_default_casual_1_0,validation,e84f92e2c21ab591515daaf8380a85f9c5764de45db2b7835fbeac999bf1e85b,ACADEMICO,indeterminada,,,pendente
8,faq_0cdcf4c65dde_default_naturalistic-imperfect_1_1,train,de534cbb13dd38ff0ddc994e0538c7b41fca2f86142384a236733a461412d7e6,ACADEMICO,indeterminada,,,pendente
9,faq_0ce9cb8c4ef7_2,train,79dab13e72a6ffe6604bc4556893ba196c78a62ddcc61ccde2b3c02aba1a0ba3,ACADEMICO,indeterminada,,,pendente
10,faq_0ce9cb8c4ef7_default_formal_1_0,train,0b01fc798d2b4e56fe4e35d783b9d26206083010b66020964458d7ca70482b31,ACADEMICO,indeterminada,,,pendente
11,faq_13e0764460cf_2,train,8cd3d4ef7f7b1ae2f6d19c32c163c9703b606e1b43d203f3d23a1643f691bc29,ACADEMICO,indeterminada,,,pendente
12,faq_13e0764460cf_default_2,train,873a4f364845dfda2bb264bb9f50bb3972d00d417276b25bac8d1d8949ee233f,ACADEMICO,indeterminada,,,pendente
13,faq_13e0764460cf_default_naturalistic-imperfect_1_1,train,4367628e33f78f0c3a9e2e0b278bd03e5954da3e851d26a20177eaae26c83ba8,ACADEMICO,indeterminada,,,pendente
14,faq_14502f8631e0_related_0_formal_1_0,train,dd06828f201f721549c6cae2a39c7022eb3e51d0e4a1d4047cb3b98748fea199,ACADEMICO,indeterminada,,,pendente
15,faq_169fcbf63edd_default_2,train,d7f1834a1a1adb1d9d9463bf3539ce9e561a73ee4154c0e4527e5e86e722c867,ACADEMICO,indeterminada,,,pendente
16,faq_169fcbf63edd_default_naturalistic-imperfect_1_1,train,37efd16009ac60fc885bbd2666ac255c6b9721580e9742138b235e5bb8569a22,ACADEMICO,indeterminada,,,pendente
17,faq_18087f7d12f6_1,train,c9c490f6da7427b9392ca96d6b803afa85a97a84cb848efa2e2f8491768f88b9,ACADEMICO,media,,,pendente
18,faq_18087f7d12f6_default_formal_1_2,train,5867238990845d2b92419f632e9bcf35bf98554ecdca9ef728f80fb20a128993,ACADEMICO,media,,,pendente
19,faq_1ad6b998ad4f_default_formal_1_0,train,55f83cb26ad5a1ab0fcbcb3e1e7ca62dab9497641d2308c595125abc97c22b75,ACADEMICO,indeterminada,,,pendente
20,faq_1b317d509a48_2,train,c1c8b0a0365718a107a1f7198fd37a8127555a88ced17c4dbd6ffaf9aff757ed,ACADEMICO,indeterminada,,,pendente
21,faq_1b317d509a48_default_naturalistic-imperfect_0_2,train,24921e4a634f9ef2e31444956e37d8a4fdc74b364b48710ce7725ed8828ec48f,ACADEMICO,indeterminada,,,pendente
22,faq_1b317d509a48_default_naturalistic-imperfect_1_1,train,a9ab28d0dea71b495188fc610510b4963146c6c6e8a09b2f90858a57f3154db2,ACADEMICO,indeterminada,,,pendente
23,faq_276559b63cd8_2,validation,174892cbc5a49441d64e60a5265c28320c23f0bae23f271fcd3e2459f72defa2,ACADEMICO,indeterminada,,,pendente
24,faq_276559b63cd8_default_casual_1_0,train,f21d7737f5fc78f2e765728f0309c3154feb6f40c96427fe7d43ef119affe795,ACADEMICO,indeterminada,,,pendente
25,faq_288ad7fc8898_default_casual_1_0,train,45a4e874f2c5421915afbc033578c694b5a379a8fbc6b5e5a5e2c7097c2f4b58,ACADEMICO,indeterminada,,,pendente
26,faq_288ad7fc8898_default_formal_0_2,train,3f1aa8052da2e7c51201aea53f6ec15c7ef2f7eb43734d030795fbc45c042fd4,ACADEMICO,indeterminada,,,pendente
27,faq_2a0e871a6385_default_formal_0_1,train,7bd6d839614e4778bb35c46a901598687007f2f4d066a60db4538f6afb57018a,ACADEMICO,indeterminada,,,pendente
28,faq_2a0e871a6385_default_naturalistic-imperfect_1_1,train,7046882cca8705b9ee4de59bb7fac781112c0c4cdee0674d47b424db5d4220cf,ACADEMICO,indeterminada,,,pendente
29,faq_2b0df089f359_default_casual_1_2,train,7c9237337340bd8cdca2787c30074123f0a1b7e5be09a391dc98bbf45097ceab,ACADEMICO,indeterminada,,,pendente
30,faq_2b0df089f359_default_naturalistic-imperfect_1_1,validation,2f8aa34afe3e0aa801ee5056d0e21224d716d331697186edd49d0f4b89e5da31,ACADEMICO,indeterminada,,,pendente
31,faq_2d1696cf5031_default_2,train,b7deed482c5e382725f32959673c86059f6b81f979bb48f74599f40ee67c87ed,ACADEMICO,indeterminada,,,pendente
32,faq_2d1696cf5031_default_naturalistic-imperfect_0_0,train,59a92986a32f771d7aed843121fdd1a9d37a07715fcb7801840033c6e7c8ac44,ACADEMICO,indeterminada,,,pendente
33,faq_2e777987295f_default_casual_1_0,train,dfe64d4298a7fd8bb13571dfdbe0392ccd00a97bb00adc108ea2579c3d93d70a,ACADEMICO,indeterminada,,,pendente
34,faq_2e777987295f_related_0_1,train,5164d6bf9102526a501586f91d27de8c662b024efd0609597162776f8cbebe4f,ACADEMICO,indeterminada,,,pendente
35,faq_2e777987295f_related_0_casual_1_0,train,1b68d2539fd855723fb03d9c5d4e220cb47ec358bc3e4477b4d617531164eac4,ACADEMICO,indeterminada,,,pendente
36,faq_328187852344_default_0,train,88d838412295447109bbdb936276de7737ada292fd68585371aeeea261e6aa11,ACADEMICO,indeterminada,,,pendente
37,faq_328187852344_default_casual_1_0,train,847d21a133bf8d3cbb82c9cc15e0039fde407d49d8604f70fcef5e0f77de8aa2,ACADEMICO,indeterminada,,,pendente
38,faq_32b665d5e626_default_naturalistic-imperfect_1_0,validation,73b41c2e198de9d6242ea824e51394f29de619370db5b4199d2e9e7fb84f429a,ACADEMICO,indeterminada,,,pendente
39,faq_3323a3537eea_default_formal_0_0,train,6abaf067736d5004b08628e31ec13b3fead3d3f6e9042d499518d79c2ec73f4d,ACADEMICO,indeterminada,,,pendente
40,faq_3323a3537eea_default_naturalistic-imperfect_1_2,train,7fbb54c3b62bb867985a6a7c3199a073f972a02618333928a00cdadb81e0874f,ACADEMICO,indeterminada,,,pendente
41,faq_34071d8cbec2_default_formal_0_2,train,26cdf89e780dff35bd91862fe332e2dbd5ae309e7abb9f9be40efb161dd607e8,ACADEMICO,indeterminada,,,pendente
42,faq_351adad6dc3d_default_1,train,c9e4ca061053dab85d8268f48fe2c7c96a415392857754766f20a37f070bb7cb,ACADEMICO,media,,,pendente
43,faq_351adad6dc3d_default_casual_1_0,train,a1259e43613b32b6cc75df7e1859d9833cb5d25433fb002b4c18bcedf2e83265,ACADEMICO,media,,,pendente
44,faq_35b586c7ea6b_default_2,train,71d69b899ea45efb870b89b9d4e4b0b7ce333c506b3d3f7ac35ea96675c57cfc,ACADEMICO,indeterminada,,,pendente
45,faq_35b586c7ea6b_default_naturalistic-imperfect_1_2,train,bcc673bd4b793648ccb5ea8c8e862457ba5049f5cc18343aa9647bfc91f18a7e,ACADEMICO,indeterminada,,,pendente
46,faq_36f028c03a62_default_naturalistic-imperfect_0_2,train,b74ffeac867d33ad1d90aac57899f98350b404a2a26e674196da32caaf375d33,ACADEMICO,indeterminada,,,pendente
47,faq_36f028c03a62_related_0_naturalistic-imperfect_0_2,train,026569a1c1411550443fe56264a986ff44a6261b166c2344712d675824a0957e,ACADEMICO,indeterminada,,,pendente
48,faq_36f028c03a62_related_1_naturalistic-imperfect_0_2,train,04c603f0fbf434354fdc6f2e192f2236aa9350fac6bf9bbeee4ea9e0207154dd,ACADEMICO,indeterminada,,,pendente
49,faq_389e4c0c960a_1,validation,6bd414b95bcb0117fe6b3c7c018c75fb7a3b25e7dbdc2c4692f2ea381e78e7a9,ACADEMICO,indeterminada,,,pendente
50,faq_389e4c0c960a_default_formal_1_2,train,6d9f1ffd28d19fa039a2239da4057097ff930834cc546c24c3742b8c63f5bc54,ACADEMICO,indeterminada,,,pendente
51,faq_38c4be1d438d_default_casual_0_1,train,5dcda0db90f7e3fa0ef57db3763626774462bac839b862079d99952e27391a1a,ACADEMICO,indeterminada,,,pendente
52,faq_38c4be1d438d_default_formal_0_0,train,d413223b860f2e2e06f5b673860d91d721dac2f08c8e751075aa3f2f312540b8,ACADEMICO,indeterminada,,,pendente
53,faq_38c4be1d438d_default_formal_1_1,train,715b0e9e014860a99b208fba94ba96d2504849b10a549e14f99e005e1ae66586,ACADEMICO,indeterminada,,,pendente
54,faq_38c4be1d438d_default_naturalistic-imperfect_0_1,train,b80bf25f7caf5ec89bc8638192a3acf39a55f120cd388f8d9be404a69b9204b5,ACADEMICO,indeterminada,,,pendente
55,faq_395d1db76024_default_naturalistic-imperfect_0_2,train,198c759191282f03ff78167aaee24aaf0010244334e27089b2fd5f20bc86fce6,ACADEMICO,indeterminada,,,pendente
56,faq_395d1db76024_default_naturalistic-imperfect_1_0,train,a430a9c7983db703c3f72260341aebfbd6d017b480fd97c6dac124b7f2639a31,ACADEMICO,indeterminada,,,pendente
57,faq_3b2f7b5122a2_2,train,7d72ada7c6c2cd6983ddd46c42c7d9917eba631da867fd06603b052399d991a6,ACADEMICO,indeterminada,,,pendente
58,faq_3b2f7b5122a2_default_casual_0_0,train,498e3bc9fa55d0400ec9ffddcfa18eca15b0b11846b3363ade77cc32109b3428,ACADEMICO,indeterminada,,,pendente
59,faq_3b2f7b5122a2_default_formal_0_2,train,5e6106812d9be2c63de8609516a8bb683f663d9791e64f0178615265c6e561e6,ACADEMICO,indeterminada,,,pendente
60,faq_3b2f7b5122a2_default_formal_1_1,train,e64c3a40a54593ca650c0737c3cd5fb641322880f4ce65ef419d8978254f7d00,ACADEMICO,indeterminada,,,pendente
61,faq_3b2f7b5122a2_default_naturalistic-imperfect_1_1,train,f663cab040441038430dbe10add116e1be91041539e16313ddfec8ca91c9ea05,ACADEMICO,indeterminada,,,pendente
62,faq_3dfdfed2bde0_default_casual_0_2,train,1098064b08e4f96aef135d9afae9f743500a502aec681bb058df765c490ad13b,ACADEMICO,media,,,pendente
63,faq_401f2f17f2b6_related_1_casual_1_2,train,a95d8055549112ba3223bffdcac894b2435905e0469b646c6a36ae8fc4c146ac,ACADEMICO,media,,,pendente
64,faq_401f2f17f2b6_related_1_formal_1_0,train,097a311dec698ca772427e3eee002be938ff79ad64e1b2d6baee994a8b6d4d4c,ACADEMICO,media,,,pendente
65,faq_401f2f17f2b6_related_1_naturalistic-imperfect_1_1,train,a100a06b10768bb1a9ff10767cbdeb58854f0032e9dd826d6c0eed0b7af5df3c,ACADEMICO,indeterminada,,,pendente
66,faq_405fb410c9f5_0,train,c3f6391629445aced2a4ce8d9e16f67b417722a07171ffb47f539ae27adda478,ACADEMICO,indeterminada,,,pendente
67,faq_42b16f6caf3b_default_2,train,5c0793837f106c4db052ffb758abedbfa4f95cdb6532f0d18a68facccee7e1e0,ACADEMICO,indeterminada,,,pendente
68,faq_42b16f6caf3b_default_formal_0_0,train,efa5a4923d6bed2af6a4734db3a6cc3efa1c1a2abbfeebe878918983d8232a52,ACADEMICO,indeterminada,,,pendente
69,faq_45982cdba35c_default_casual_0_2,train,6f5a6efe3c725c4e1462846637856959978af3dd2c16a54a8b79fb7b10257380,ACADEMICO,indeterminada,,,pendente
70,faq_465df67f35cf_default_0,validation,834c9dc6d17d766fbe63f037ef4acf55e80ad87ddd0163d4616ce037b97448e1,ACADEMICO,indeterminada,,,pendente
71,faq_465df67f35cf_default_casual_1_0,train,b1b2e71d2d1a1a23459eac4b89118f416bc1a8017886c48358c6c2f09d6e607a,ACADEMICO,indeterminada,,,pendente
72,faq_465df67f35cf_default_formal_1_1,train,2bf4e3f2f0a5fc5633afcbd36ab3023d389623372e05d38817924699524d01f3,ACADEMICO,indeterminada,,,pendente
73,faq_48b439bd308f_2,train,f8bb0acedc8e96af0b7f040a132e20487a735b040792d1eeef785bee5b2510e9,ACADEMICO,media,,,pendente
74,faq_48b439bd308f_default_casual_1_2,train,88d48964cf9d7a00ea00b6d2834795866a13db826bfcf6abd92aa35f93f62d2b,ACADEMICO,media,,,pendente
75,faq_48b439bd308f_default_naturalistic-imperfect_0_2,train,b6ff504f8fa3749c53a5385b555f67c706dc9eb14d1de00dd4bb24b0b729d839,ACADEMICO,indeterminada,,,pendente
76,faq_49480f15aac2_default_1,train,90d0e850e8db07d76a2a1533b9b347928e6821a0f9691d09f1c9be078a3a45c6,ACADEMICO,indeterminada,,,pendente
77,faq_49480f15aac2_default_naturalistic-imperfect_0_1,train,fedeb4bdf431e3a59d112404c2e7655652b5c10fda232bd55a20214e6de33836,ACADEMICO,indeterminada,,,pendente
78,faq_49480f15aac2_default_naturalistic-imperfect_1_0,train,a3ccbd0918fedaaa99aaf7be051c87071fd1c42245413a3220bb4ebb04398a1c,ACADEMICO,indeterminada,,,pendente
79,faq_49480f15aac2_related_0_naturalistic-imperfect_0_1,train,605867a85207e49260655d159c6a8509a7e61f7a9ce5a4d248354cfc267f6d30,ACADEMICO,indeterminada,,,pendente
80,faq_4c10abf547c1_default_casual_0_2,train,50caf1a6184be208572418c19031693745686bad0de7cac2f7d4c5ce4ab7348a,ACADEMICO,indeterminada,,,pendente
81,faq_4c10abf547c1_default_formal_0_0,train,3872b826e4307bdf574575b249b4021bc1b01b9ecc1bd649f8a129516034d36e,ACADEMICO,indeterminada,,,pendente
82,faq_4c10abf547c1_default_naturalistic-imperfect_0_2,train,ea614fa5c49eb984712b7bfb3e9643c597b1b68739cfae49f1175eaee4065b4f,ACADEMICO,indeterminada,,,pendente
83,faq_4c3fb911d3d1_default_casual_0_2,train,1f329580235222614361f3eac7a7e03555aa83b35ab8a278ccea4b69a0d1eece,ACADEMICO,indeterminada,,,pendente
84,faq_4c98f32582f0_default_casual_0_2,train,3c304d3eb13af79323db3936df80464cb205b51cb6f14a6d8191be3a49281780,ACADEMICO,indeterminada,,,pendente
85,faq_4c98f32582f0_default_casual_1_1,train,4a57518f18a0ea463a8b1ce60468b72d3c3dcbf783639a727553dc673f6e3c64,ACADEMICO,indeterminada,,,pendente
86,faq_4c98f32582f0_default_formal_1_2,train,9ef5a518539d7358d726f6fa76f5257729217f9ab5d9e9dd9c1a6aa9fa48ce35,ACADEMICO,indeterminada,,,pendente
87,faq_4c98f32582f0_related_0_casual_1_0,train,f1218482a90712e1e285e884b78d0e0a1b468c2eb1a5832799b5f26731f9a49c,ACADEMICO,indeterminada,,,pendente
88,faq_4c98f32582f0_related_0_naturalistic-imperfect_0_1,validation,60660f6dfc94bfe1814b3b26e6fb5dda8cfa4075782622b02ed446b61d107682,ACADEMICO,indeterminada,,,pendente
89,faq_4c98f32582f0_related_1_casual_0_2,train,ac75c298763cb30506b9807a1eb4dc31eac0377c1a908a59babf409bfd4d562c,ACADEMICO,indeterminada,,,pendente
90,faq_4c98f32582f0_related_1_naturalistic-imperfect_1_0,train,498d8b4bfa9596f59037bbc6b645d4103bbfc91d3b6f820def86f1f3012962b5,ACADEMICO,indeterminada,,,pendente
91,faq_4f48290f765e_default_casual_1_1,train,9504486fd83a16b7dd3f352bb8f6449dc2f6dba32bdb7d270314cff7e02397b4,ACADEMICO,indeterminada,,,pendente
92,faq_4f48290f765e_default_formal_0_0,train,39499ab037704cedc67fdc73a72f6e5757e779edbb8df4b526077e08889dbe0e,ACADEMICO,indeterminada,,,pendente
93,faq_4f48290f765e_default_naturalistic-imperfect_1_2,train,2cda11e4b78d2ef32672d532e292d56e756282cfd6cb3cc7d0e9f8a9103b0f6a,ACADEMICO,indeterminada,,,pendente
94,faq_52a92aab1e27_1,validation,99291c9fdf74df27fcd729cfb7f03e436021bf35f806c1a2d720be6a9c641710,ACADEMICO,indeterminada,,,pendente
95,faq_52a92aab1e27_default_formal_0_0,validation,b1c3ab57aa32493c3372c2c73f61db9036e846de99b44deb7a4427ea6e66c990,ACADEMICO,indeterminada,,,pendente
96,faq_52a92aab1e27_default_naturalistic-imperfect_1_2,train,7305079491a1b471560ac31c0b9c65d7bd0f1d02d9b4d7fee6fd9494fa85ee55,ACADEMICO,indeterminada,,,pendente
97,faq_52a92aab1e27_related_0_naturalistic-imperfect_1_1,train,ac9de8257b0ceccc477dcf48df7d77bf519323227bf8ce8c5a1ad2b017212556,ACADEMICO,indeterminada,,,pendente
98,faq_56440beba89d_default_formal_1_1,train,20a33acbc7073ff6dd015a26d8f499f340064070f46b10afd6b5ed67e1be1e6c,ACADEMICO,indeterminada,,,pendente
99,faq_56440beba89d_default_naturalistic-imperfect_0_2,train,a964f5509c93848642118b76e9b081d9281714afee7da6f4be5cc7207e6f5524,ACADEMICO,indeterminada,,,pendente
100,faq_5ccf33733cc8_2,train,881593c12ee90fb15658b8cf3a319231c0dcfbf035ca071565158ec17c3666f8,ACADEMICO,indeterminada,,,pendente
101,faq_5ccf33733cc8_default_2,train,a97ee8af5f6a51ee6c5e7b4c7cdf65c20ada668f6c57a03f7bacebb2f8e7ad8a,ACADEMICO,indeterminada,,,pendente
102,faq_5ccf33733cc8_default_naturalistic-imperfect_1_1,train,7b5c121496dad41d4304b63091f64124ffa04733fa8754a29372f6e2690a46d1,ACADEMICO,indeterminada,,,pendente
103,faq_5d0d4b15c209_default_formal_0_0,train,8166621b1d01845a64089b79583d79e8efaa17a297c61e103bce3fcb30b16643,ACADEMICO,media,,,pendente
104,faq_5d0d4b15c209_default_naturalistic-imperfect_0_0,train,9a0682f62afc788bdab3222e2f665738088e3d5bca6b457ad6aa60f3b787eb24,ACADEMICO,indeterminada,,,pendente
105,faq_66149a9fb7fb_related_0_casual_0_1,train,ecbb5e03ebc212613d1ea19c9ac1fc7c133ee901cb75db061f16705d2168edcf,ACADEMICO,indeterminada,,,pendente
106,faq_689da125eafd_default_0,train,c3144e6425fe2efdcafb78bc6229ac8ed11a86912052db9864eeb2d69c24988b,ACADEMICO,indeterminada,,,pendente
107,faq_689da125eafd_default_formal_1_2,validation,a4511b50e3c75302293b8fc0571f34bbb74c446c15ea34937b8b224e8e6132ae,ACADEMICO,indeterminada,,,pendente
108,faq_689da125eafd_default_naturalistic-imperfect_1_0,train,b503b141e46c3933ac0e6fda56d2e2409fc274476b18bee56c8fd8580babc635,ACADEMICO,indeterminada,,,pendente
109,faq_69eb59261850_default_naturalistic-imperfect_1_1,train,b9fa3c84ca2714f026e9d963e97c111cc369a52c34633d812b2f66ce4cd5a1db,ACADEMICO,indeterminada,,,pendente
110,faq_69eb59261850_related_0_2,train,980bd51057cdb8e6e56b40bb4a0c629bd85811d644143de0338f1af40b055c55,ACADEMICO,media,,,pendente
111,faq_69eb59261850_related_0_casual_0_2,train,504b6a77b7188c0f99f09dc8798ef9feb3f8195adfa690bce62d0fc53a357546,ACADEMICO,media,,,pendente
112,faq_6f2100edfc24_default_naturalistic-imperfect_0_1,train,21a44d462c554eb7ae1fcefc3b04b4a1a5c97b9fbb3b08d9782bb5058e2b6d8e,ACADEMICO,indeterminada,,,pendente
113,faq_6f2100edfc24_default_naturalistic-imperfect_1_2,train,0f177977f03445b65e1d3813cbaab1226f9d13bde6d31b6cbb9a79cd6febb413,ACADEMICO,indeterminada,,,pendente
114,faq_6f2100edfc24_related_0_casual_0_0,train,788ed65cc293029cb5d91adfa6d8667880aa09832ba930596620551b8daecdb9,ACADEMICO,media,,,pendente
115,faq_6f2100edfc24_related_0_formal_0_2,train,4ba0286de4cdb112fd2bbd9ddc2dfa615ca258b46b9cb2c365a62a0ef06433fd,ACADEMICO,media,,,pendente
116,faq_6f2100edfc24_related_0_formal_1_2,train,b9e4998934f6c36615b334ec0e2609f5c525763a6e5de7777048d18442d63d2c,ACADEMICO,media,,,pendente
117,faq_6f2100edfc24_related_0_naturalistic-imperfect_1_2,train,4e082151b20434f7350a8167f5f18ccb6d2e71a043292e47de191705c80f4aef,ACADEMICO,indeterminada,,,pendente
118,faq_6f2100edfc24_related_1_formal_0_1,train,48e77e1a1c67663e98758e0eec1f4c1c6a7e5c8d4b2dfdaaaf4b9b27917401ef,ACADEMICO,media,,,pendente
119,faq_6f2100edfc24_related_1_formal_1_2,train,5c375e0b2d81b6ca6f8c85f9c718d02a0be703beccaf425183263a674d1ef42e,ACADEMICO,media,,,pendente
120,faq_6f2100edfc24_related_1_naturalistic-imperfect_0_1,train,07b98a574e715b2066cc340fa62293680ccf236e3f6c644b15ba4bb3304edc3c,ACADEMICO,indeterminada,,,pendente
121,faq_70ada4cd27b2_default_formal_0_2,train,19b763d7c9820b4084de7f084c00d73fc1ff5414846180d69b9d9ebe0a1b0996,ACADEMICO,indeterminada,,,pendente
122,faq_70ada4cd27b2_default_formal_1_1,train,e7ef7bedb6f7cb297ece0427b76761579ff2a887219ddd28b6e89edb7fc69611,ACADEMICO,indeterminada,,,pendente
123,faq_70ada4cd27b2_default_naturalistic-imperfect_0_0,train,9170d786f1582f0d2fab524e338ce9616394cc5a403059eb712c37e125f8ea37,ACADEMICO,indeterminada,,,pendente
124,faq_70ada4cd27b2_default_naturalistic-imperfect_1_0,train,a7a2dbc5677d8c567e0f8a0095a71f26f6dded43a87337a227dcf201f21e3743,ACADEMICO,indeterminada,,,pendente
125,faq_72102d51670d_default_1,train,421e4dee1736ba703792d2b166255fe0f8cfd54a1c958c46641717ba22550065,ACADEMICO,indeterminada,,,pendente
126,faq_72102d51670d_default_casual_1_1,train,fa9789e4408aa83a9fd8d972fd4915e011698fe5e78cd9251b8027b57cdc19a2,ACADEMICO,indeterminada,,,pendente
127,faq_758ab29e384b_0,train,748643611047475e377143a5c450b4f11e84bf62d5a0decdf6c29e326555c23f,ACADEMICO,indeterminada,,,pendente
128,faq_758ab29e384b_default_2,train,109f1195ca89b1a4d127caaab3acbae70bb87c35d6b2c0514b9b7c10e2db15e8,ACADEMICO,indeterminada,,,pendente
129,faq_758ab29e384b_default_formal_0_2,train,13688cb343af66740c3a7efe6e96dee7cc2495832428088b3dd07533bf4278d9,ACADEMICO,indeterminada,,,pendente
130,faq_758ab29e384b_related_0_casual_0_0,train,da64a797412b10b587ce46299e83d05faa2d09caf3a0c7af7aeef48e12c1913a,ACADEMICO,indeterminada,,,pendente
131,faq_758ab29e384b_related_0_formal_0_2,train,667e52f2432f8743a3490f0c7f231ce625aee9402b6938f5cadaf25b8b39b1b7,ACADEMICO,indeterminada,,,pendente
132,faq_758ab29e384b_related_0_naturalistic-imperfect_0_0,train,b0857cff065e94a801e5ca2f200e7626ac01f8137b06bb76ad235f826b468548,ACADEMICO,indeterminada,,,pendente
133,faq_758ab29e384b_related_1_casual_0_1,train,64833ca5f0e3cd94322e3ce9893e6a604c1ef26b9dee2b3827bcbb13fe281931,ACADEMICO,indeterminada,,,pendente
134,faq_758ab29e384b_related_1_casual_1_2,train,a707a0cc9af8718b6b4fbd1605957aa665b2af934eefae095f0b89c51231ca0f,ACADEMICO,indeterminada,,,pendente
135,faq_758ab29e384b_related_1_formal_0_1,train,a16f810896f457d78b9c4e0053a01b85ff42c86b26b363fb6c8b8ddd9ffe35e8,ACADEMICO,indeterminada,,,pendente
136,faq_758ab29e384b_related_1_formal_1_2,train,357ef79d93e543759abc3a0ff822bbdbc3494993bf332cb1b9c682874d5458ee,ACADEMICO,indeterminada,,,pendente
137,faq_7ec0a73633eb_0,train,6d66b924fe123679b09dc546489ba402f9763d6d0a042339a6135c07a45bdcbd,ACADEMICO,indeterminada,,,pendente
138,faq_7ec0a73633eb_default_naturalistic-imperfect_0_0,train,3f30bb8f594b4c193fc7b73512cfe09bddf69a54879702f3a06bec757b23014e,ACADEMICO,indeterminada,,,pendente
139,faq_8154e583315c_default_casual_1_2,train,31766534aa53a778b5e5666c67da3270387913ae8d32a505287bf9ab94973aaa,ACADEMICO,indeterminada,,,pendente
140,faq_8154e583315c_default_formal_1_2,train,ca10e5f954019b916b5773d5047d30cd510a2932277b40a9fa3d01c3614a49af,ACADEMICO,indeterminada,,,pendente
141,faq_85baceb8f098_default_casual_0_2,train,74fda219935b01ecfb27e84f624932f504d831b61e31616be43274a2ad7cfeb6,ACADEMICO,indeterminada,,,pendente
142,faq_867e6d47fd0e_2,train,fa5ba73f88d2ce9d089d52549733e60b0bf8d1ed4eb7a7107688c77a2696a823,ACADEMICO,indeterminada,,,pendente
143,faq_867e6d47fd0e_default_casual_0_1,train,031f5505ddb12231bb044be6ae742ffc969c8ae022d43343dbe37c4e1d7f6430,ACADEMICO,indeterminada,,,pendente
144,faq_867e6d47fd0e_default_casual_1_0,train,48930746459ddbf180ca38409eb6420af2ed1ceb20d7535c25660fc704b07bfa,ACADEMICO,indeterminada,,,pendente
145,faq_8b433a8c6b65_2,train,ab7bae09ff29583c05783c49f7adc7c91abfb7d8101ee457cd2050651dcd08e9,ACADEMICO,indeterminada,,,pendente
146,faq_8b433a8c6b65_default_formal_1_0,train,f7693bc480c2d7bf637dec8f6aa8d9a59548ab1d302a292bf93f7a29b9b912f2,ACADEMICO,indeterminada,,,pendente
147,faq_8b433a8c6b65_default_naturalistic-imperfect_0_2,train,f9afa79f187a5db33c263ad76b936ebe27cb3e9e69078b709d4f75ebd0f94df0,ACADEMICO,indeterminada,,,pendente
148,faq_906954f67e28_1,train,cd439bdfc96e03f13bdf4c99465ad768a53afebe433b44da5ae95b2f52ff7487,ACADEMICO,media,,,pendente
149,faq_906954f67e28_default_naturalistic-imperfect_1_0,train,210afca8fd4946c34e6a252edf462f2cce66fcf37cc97071c156d022c4f5f6fb,ACADEMICO,indeterminada,,,pendente
150,faq_907255daa346_default_casual_1_1,train,073efd454321c9d8179aed7897a07b2c94f3931e0c2253f973bc504f0794f39d,ACADEMICO,media,,,pendente
151,faq_907255daa346_default_naturalistic-imperfect_1_0,train,8c04f8aaaeb35c4722eda21fe3cc7c9240b36d75606b8a9739e4b448fda74bca,ACADEMICO,indeterminada,,,pendente
152,faq_90a51840a667_default_formal_0_1,train,f94abd9b07d77f0b10569a6e7fd381bc74d72d2649e9bc7b32933c0e81d957ce,ACADEMICO,indeterminada,,,pendente
153,faq_90a51840a667_default_naturalistic-imperfect_1_0,train,34da91a05626c04041cb6cc22275bf52cec4d320442b9222822d941da9678532,ACADEMICO,indeterminada,,,pendente
154,faq_90c9fa29fdb4_default_formal_1_1,train,76da6b2da943b00bd42ec0aba61466dc22f0782949a3ba044da131287216e2fb,ACADEMICO,indeterminada,,,pendente
155,faq_90c9fa29fdb4_default_naturalistic-imperfect_0_1,train,d931e5e13de4a1bec9eeb280a8a0e86a2f84b03a83557408d985a7f19a473391,ACADEMICO,indeterminada,,,pendente
156,faq_912e54ff3cb0_default_casual_0_2,train,aebc8c17914d5e6f83de2f5184201a9da6da5f9fb549e54f60bfb5cca9fa2a2a,ACADEMICO,indeterminada,,,pendente
157,faq_912e54ff3cb0_default_formal_0_2,train,536e9dce3d6b9ec045a95e70c0bd9dd611ec279b0aa51b5a5db4b8bd2a094f2c,ACADEMICO,indeterminada,,,pendente
158,faq_91e404e61014_default_naturalistic-imperfect_1_1,validation,5a3582f4478d88bee7369aedd8f4c6c065df86a6d1b20a9e788a54912094b930,ACADEMICO,indeterminada,,,pendente
159,faq_93422342a1f3_default_casual_1_0,train,8b4c7ef136c87399b5d54af33ca3b84bfb51f912e650f1cb11f4acf9729dc1f7,ACADEMICO,indeterminada,,,pendente
160,faq_93422342a1f3_default_formal_0_2,train,5548d2acc568baa183068e193cd648b08223c142af527b53352324834108649f,ACADEMICO,indeterminada,,,pendente
161,faq_93422342a1f3_related_0_naturalistic-imperfect_1_2,validation,6cbcf4919c6104e31eb57444cded3cc6ef4e225fb3b0fde0eaf482ad087494db,ACADEMICO,indeterminada,,,pendente
162,faq_93422342a1f3_related_1_naturalistic-imperfect_0_1,validation,fb245a8d40e42a24a53cc8e1062054ed0c35c9bc79b0811c81d81dd35c330921,ACADEMICO,indeterminada,,,pendente
163,faq_9587ca0b9df5_default_naturalistic-imperfect_1_2,train,ac5f46990d9c2ac05da6c100ad19dc9ea7a7fddd675b3f7d157b099f16bd262e,ACADEMICO,indeterminada,,,pendente
164,faq_96d314cebd14_default_casual_0_2,train,afa13462388a65124e2d2807604b6cffa845be33a718d01910a06a47ba22cbf5,ACADEMICO,indeterminada,,,pendente
165,faq_96d314cebd14_default_naturalistic-imperfect_0_1,train,525cab280fae975ebe7ab40ac33e3f1be07bf9aa2456673fedf37d3ae48d383b,ACADEMICO,indeterminada,,,pendente
166,faq_9b7ac933ab7f_2,train,1be6ef717709127623c7d551e957f277eb79582f64fde5a6adf768196e4e492e,ACADEMICO,indeterminada,,,pendente
167,faq_9b7ac933ab7f_default_2,train,2b023acbaa672e21ba2004a1c7411271874b59b916b0699492c6417e4e64aa52,ACADEMICO,indeterminada,,,pendente
168,faq_9c4c7be6e0a9_default_formal_0_2,train,675811bd54b68b397ee45e56346df9f9d0084685c246dcba8b394a8a4719f5c7,ACADEMICO,indeterminada,,,pendente
169,faq_a2e065079b9a_default_casual_0_2,train,3cb3cb9a0070e91a0cd7fb2ba88fad05094b223f3864edddada014ec29d1ce3e,ACADEMICO,indeterminada,,,pendente
170,faq_a2e065079b9a_default_casual_1_2,train,defaf4afd2442051165ee2368d9d624e889d48cf0bfa2d6af738db676730ee18,ACADEMICO,indeterminada,,,pendente
171,faq_ab9a4fb5eb67_default_naturalistic-imperfect_0_2,validation,260f8caad30e1c0dcfe1aedae75a2aa83ce8974c7d600b0648cb68bfbacaf593,ACADEMICO,indeterminada,,,pendente
172,faq_ab9a4fb5eb67_default_naturalistic-imperfect_1_2,train,710707112557e0054a907d5b5fb208d1589aca336bf2879313032b05019a810d,ACADEMICO,indeterminada,,,pendente
173,faq_ab9a4fb5eb67_related_1_casual_1_0,train,36a5e17302c6cfcf9897243dccb7d80b5b2922184997d9e0d1ce2334db9fde68,ACADEMICO,media,,,pendente
174,faq_ab9a4fb5eb67_related_1_naturalistic-imperfect_0_0,train,fbd9b41a99c18b18c4ce684a637f44936c346a41434c222d8656bc616635215f,ACADEMICO,indeterminada,,,pendente
175,faq_ada10e9e88d2_1,train,5693dd87215625d694e1f5858453495c5ff84d2f7d8928944debb3f89b402714,ACADEMICO,media,,,pendente
176,faq_ada10e9e88d2_default_casual_1_1,train,0dababcb63f3422abb2001c19220328a02d514dc246183def01c7fa32613b78c,ACADEMICO,media,,,pendente
177,faq_ada10e9e88d2_default_naturalistic-imperfect_0_2,train,e0fc49afa7432168ae6761cbc50bca5c89ac1eb90928d33ecd207936c397b215,ACADEMICO,indeterminada,,,pendente
178,faq_ada10e9e88d2_related_0_2,train,3eb0900fd3792f797cadd88c3d8567431dbca60650daa1040e76eecf70e00e72,ACADEMICO,media,,,pendente
179,faq_ada10e9e88d2_related_0_casual_0_0,train,4e413942b213fb65e361d6a2d0530b491c8f8231afe26624dccdc40287fcf289,ACADEMICO,media,,,pendente
180,faq_ada10e9e88d2_related_0_naturalistic-imperfect_0_0,train,68100546ed0ca18fca3961285c1148322f92bddea5e92371cc4783d89bb4b006,ACADEMICO,indeterminada,,,pendente
181,faq_ada10e9e88d2_related_0_naturalistic-imperfect_1_1,train,7310407749cea01ce8c62afd3b6c9391d91d42f38a3e939852b0a05d13e7681d,ACADEMICO,indeterminada,,,pendente
182,faq_ada10e9e88d2_related_1_casual_0_0,validation,e4e061439669e681b28ae255749f47ea72a12d37d85ceb6638d6c1deb56f42bf,ACADEMICO,media,,,pendente
183,faq_b27649c046a8_default_formal_1_0,train,3ecb13c27b222087d0f7203e63076ee7491371248352a78d37dea332c9e3207e,ACADEMICO,media,,,pendente
184,faq_b27649c046a8_default_naturalistic-imperfect_1_2,train,f01d157615a97488dced454c5ec53f93423d1385f769a5477abca5f0dda0e1d9,ACADEMICO,indeterminada,,,pendente
185,faq_b7dfe69f3ffb_default_casual_0_2,train,850576b3689a1da8af0a1843879e436b54dd3cae1dee801ad616f671538b3f10,ACADEMICO,indeterminada,,,pendente
186,faq_b7dfe69f3ffb_default_formal_1_2,train,26f35169616de81fc303da2679c5b1bdb73521f01bcf6ec12e74c029f4a1171f,ACADEMICO,indeterminada,,,pendente
187,faq_b8750bb14486_default_formal_1_1,train,5205c81d3e2f2c739ba530688e84ad52b9a8b6948903f629034c4a62041b692d,ACADEMICO,indeterminada,,,pendente
188,faq_bab7535973da_1,train,9bb18e41a620726062a75545bbe54cd6255164f9fd9c4143a43b3bef4a94340b,ACADEMICO,media,,,pendente
189,faq_bab7535973da_default_1,validation,9ccf141e15d365afb5df620b0f00169fe807c2648cc58d490a98b33b2ab0e8eb,ACADEMICO,media,,,pendente
190,faq_bab7535973da_default_formal_0_2,train,740bbbbcab689fe99846b39ca05e8bde997b0bed74aa8c276aa732276baf990e,ACADEMICO,media,,,pendente
191,faq_bf1005f8fda4_1,train,1136935e93788112f2a6a331ec41523be49737f6c7ee5b77d3319bd78f10b682,ACADEMICO,indeterminada,,,pendente
192,faq_bf1005f8fda4_default_formal_0_0,train,e386aad94315d2b5331a01288f18b21fd3933f66e7472783dd5eb8d47817a6a2,ACADEMICO,indeterminada,,,pendente
193,faq_bf1005f8fda4_default_formal_1_0,train,d5f24da0207da7693f3fbd47c4394f0a08ed656715c77ded6b21c8b664919ddb,ACADEMICO,indeterminada,,,pendente
194,faq_bf1005f8fda4_default_naturalistic-imperfect_1_1,train,c325885aadeabea080dcff907e4ea4f3c73e4152b7313a29a176825c1d4014e8,ACADEMICO,indeterminada,,,pendente
195,faq_bf323362fa4d_0,train,f553751c43371f47d69d1f5db172c3cd5183514bf3be634af6c9dad8c82c9b58,ACADEMICO,indeterminada,,,pendente
196,faq_bf78a65527f2_default_2,train,31b041e19c2ca8e41650d674c7893a77eb0fd4b21402d2b6443ef9425ba11830,ACADEMICO,indeterminada,,,pendente
197,faq_bf78a65527f2_default_formal_0_1,validation,e7128e3e81517bbfc1e6946192e13a97488e4af375050c8afa68a267332d7740,ACADEMICO,indeterminada,,,pendente
198,faq_bf78a65527f2_default_naturalistic-imperfect_0_0,train,39684ab4ffa46ce95096df1b9da5b13e5a0d4d7fb55c75ccf89ba417b9ce8ab7,ACADEMICO,indeterminada,,,pendente
199,faq_c3359cb9c4f2_0,validation,9886a806bb370a6eb1061bb1ba3d1ca12d0493781ec62d3b255afc1829fbc453,ACADEMICO,indeterminada,,,pendente
200,faq_c3359cb9c4f2_default_1,train,df6f0974bac39d4a8234f2a377e6419677cdaf9028fde7bd4e2e634ce407518e,ACADEMICO,indeterminada,,,pendente
201,faq_c3359cb9c4f2_default_formal_0_0,train,c8b43a9266970dc019cc88473d0d6f3c64c3a8d0ce5f9ee1cba5778b4f3ce7db,ACADEMICO,indeterminada,,,pendente
202,faq_c3359cb9c4f2_default_naturalistic-imperfect_0_0,train,c205c9c72c0d31912d745e5ba05c927e2c12f1d9c2761829aac0ff174fa64a94,ACADEMICO,indeterminada,,,pendente
203,faq_c5940d2ca84c_2,train,b975ea68242c5baec8e8f8a5ab7661405f6361bbd1021fd1baf97df2ed9ecb95,ACADEMICO,media,,,pendente
204,faq_c5940d2ca84c_default_1,train,2115b5ff01abce774b946e118abffd220c8f30f3e6f67dcb0c32bba792a1dc37,ACADEMICO,media,,,pendente
205,faq_c5940d2ca84c_default_casual_0_0,train,33847beca5988570dde455bc62990f7051b18e9bb22bfa385e589b5f8c88c070,ACADEMICO,media,,,pendente
206,faq_c5940d2ca84c_default_naturalistic-imperfect_1_0,train,11ba65b6fac77fe7f0c5b0a5fb3bf54043c1fb65a44a9564b35ca1cb7b4859cc,ACADEMICO,indeterminada,,,pendente
207,faq_c59b570288b6_default_casual_0_2,validation,f1f2f3eca20c1aa8a8c40a29d6b2ad1194b0d6c9abfd66f45dcbb5007294c046,ACADEMICO,media,,,pendente
208,faq_c59b570288b6_default_casual_1_0,train,5904b42e680f0f59a6585f95ca6da20745c73952dbb9231f223f2646cb78c27f,ACADEMICO,media,,,pendente
209,faq_c59b570288b6_related_0_2,train,d36f8758169baf29dd1078da2923e177ad9f596f5d545684385f9b25b43d7dfb,ACADEMICO,media,,,pendente
210,faq_c59b570288b6_related_0_formal_0_2,train,0af16c313349dfaaeb397b08da999dca1376d3d93c7a8e608eb06b6ad225b654,ACADEMICO,media,,,pendente
211,faq_c59b570288b6_related_0_naturalistic-imperfect_0_2,train,37538548313f9e71e1bed4dac26a7815cdcaf05ebe17a7a15f92eeeb2efe6a0e,ACADEMICO,media,,,pendente
212,faq_cb6a7815319e_default_casual_0_1,train,865ccb3ba37763f2cf59af95c7d8a29b91fabbb897526f244e1f9e78718b9eb0,ACADEMICO,indeterminada,,,pendente
213,faq_cb6a7815319e_default_casual_1_2,train,bb3cda850f2801864c2010ed66d9429e816d9e6265255fc12d7e04ef7ba20dc0,ACADEMICO,indeterminada,,,pendente
214,faq_cb6a7815319e_default_formal_1_0,train,2a4540302b4becf5f314c052cf7ce7e6e8a380249bd037414037813e011887ef,ACADEMICO,indeterminada,,,pendente
215,faq_d3cf0c167ca5_0,train,d2c5f87f157e25a023fbc2fc8a75050010c78ada8634bba54a8c011793b6e74c,ACADEMICO,indeterminada,,,pendente
216,faq_d3cf0c167ca5_default_2,train,1d4510c911d606151b6b6d74f61e11ea023cebff116c34d811f02310e8e41f5e,ACADEMICO,indeterminada,,,pendente
217,faq_d3cf0c167ca5_default_formal_1_0,train,21f16651a1aca542c4cc7fa00f16ce7f73b9c07f886d7415eb0c9e9312c83fab,ACADEMICO,indeterminada,,,pendente
218,faq_d7a84a89399c_default_casual_1_2,train,ba8501fe1e310c2d151e4b1b64210c9b157a69acd434193bdbbe9804c94d7e7e,ACADEMICO,indeterminada,,,pendente
219,faq_d7a84a89399c_default_naturalistic-imperfect_1_1,train,7354c37029ac7fd3ce765c647f4594055532a35aab0662426012387b7875c262,ACADEMICO,indeterminada,,,pendente
220,faq_d88f9412a472_2,train,6bfd8c5266c80de9c9769d6ef22e136ddbd9b610c5c7db74b317338167fab7ce,ACADEMICO,indeterminada,,,pendente
221,faq_d88f9412a472_default_0,train,11ffded9acfe1aab40b77b237a33f58bf9ba112545c40fe4f1c8f814632bfb98,ACADEMICO,indeterminada,,,pendente
222,faq_d88f9412a472_default_formal_1_1,train,a6e10e3ecff89e07fdabd2a6ab03ad68b7ee5788d88d97719752e063e6da80f6,ACADEMICO,indeterminada,,,pendente
223,faq_d9431c383d66_default_casual_1_2,train,d8fe98c6d38089112e6a214a1c06617a5729c0dac494a0efc0eb0bbd813e84e4,ACADEMICO,indeterminada,,,pendente
224,faq_dbb23c5da02d_default_casual_1_0,train,4d9556bb10b0ab1c44808ee38866bfb449f8fe8333c1bc8889add676411ac47e,ACADEMICO,indeterminada,,,pendente
225,faq_dbb23c5da02d_default_naturalistic-imperfect_0_1,validation,b7a18f05bd9f5e69b46e62045f504ee89b2a852ec25dcf912d9e96f54c59a7e4,ACADEMICO,indeterminada,,,pendente
226,faq_dca93fddc440_2,train,80c80f224b588127ed133a6bfe3216209f770e3a583854ed994f95f894f59bea,ACADEMICO,indeterminada,,,pendente
227,faq_dca93fddc440_default_formal_1_1,train,cef3cec5368eab1661afdb802f47c2ad1f22bfb5b3facf7ef3356c708e862004,ACADEMICO,media,,,pendente
228,faq_dca93fddc440_default_naturalistic-imperfect_1_2,train,bc62def81db2b961065d05b824042b40ad8f269b4f8b9102dfa0b6b6bbf8fce4,ACADEMICO,indeterminada,,,pendente
229,faq_de3ca199ba59_2,train,0b2d5c67324608f8d4a7628fee183ec61b99b953734ffab62a397a7c93c6b3c7,ACADEMICO,indeterminada,,,pendente
230,faq_de3ca199ba59_default_formal_0_0,train,6657b75b0d149dde5571fd9b62206111662cf901dc13d667e90f76b626619fa5,ACADEMICO,media,,,pendente
231,faq_de3ca199ba59_default_naturalistic-imperfect_0_0,validation,e267510c8309fa9341534a8aba54397d472b9f75a4b7efc324f1cd5bc1d4dd71,ACADEMICO,media,,,pendente
232,faq_de3ca199ba59_default_naturalistic-imperfect_1_0,train,a49762540b4393627c8804806a20bac5f6d99114d6c4c7de25c8e0e1c1397383,ACADEMICO,media,,,pendente
233,faq_e097ed69c9a4_default_casual_0_2,train,8daf5331545faad7a65e18eaea153ebf4046cb7dfef51a785dc29ce38aadb442,ACADEMICO,media,,,pendente
234,faq_e097ed69c9a4_default_casual_1_1,train,c3d72695763ac76ae26bdb3677836bd3051836ee70d6c32e960d40ccc77a2a71,ACADEMICO,media,,,pendente
235,faq_e097ed69c9a4_default_formal_1_2,train,160d40132bed613963b56232da764939ab09061a4aa1bd9981d4af95f15247e7,ACADEMICO,media,,,pendente
236,faq_e097ed69c9a4_default_naturalistic-imperfect_1_1,train,3ec023c3b34843d3d03b21eac6d7a800a542df3a3828e78d5f0a7d6377655293,ACADEMICO,indeterminada,,,pendente
237,faq_e097ed69c9a4_related_0_formal_0_0,train,46984346cabcf97d627a7f4603ec1334a242d16f3a9d68b185353f9ed40ab516,ACADEMICO,media,,,pendente
238,faq_e399447a922e_0,train,38883de21fa119fc0a363e260af5fead2a8a8d4c60da94b121ee0b717d94999b,ACADEMICO,media,,,pendente
239,faq_e399447a922e_default_formal_0_0,train,e06832fc76893ab9a7a87e46f8643b0ec31d6a1ad9b3c7318926eac91bcb4673,ACADEMICO,media,,,pendente
240,faq_e399447a922e_default_formal_1_2,train,9acb15bd5f84ed8fdc7e47773d7417d54811537e572813cd411342735b75443f,ACADEMICO,media,,,pendente
241,faq_e399447a922e_default_naturalistic-imperfect_1_1,train,967cfd4713c0dd88e9c085fb4611971a17a84e6878ff6397ba955c481a0475bb,ACADEMICO,indeterminada,,,pendente
242,faq_ebc35f6b55a3_2,train,ec2263e749c4df7e025708671a83c8951aa01373dcc5af705439e85c907e4d20,ACADEMICO,indeterminada,,,pendente
243,faq_ebc35f6b55a3_related_0_casual_1_2,train,cccdb800c7ec8b9acfea42a5f4cd75d93f0f9b3c56a7a0edc2c99836f6cb5470,ACADEMICO,indeterminada,,,pendente
244,faq_ebc35f6b55a3_related_1_naturalistic-imperfect_1_2,validation,075a95ec83cc34d62d9fec69821fcd0b716082f25c2870b5d217c11d4c77cd5b,ACADEMICO,indeterminada,,,pendente
245,faq_f1d45854fbd0_default_2,train,69daf6369ec44fb20b1b62c7f756138a0351b9cf1d21eba50a3daf5ef97e2578,ACADEMICO,indeterminada,,,pendente
246,faq_f330fb9f7fac_0,train,4fa1efbbc7c13eaa6cb86eac66063bfa1fc4b2f229db39a2fb3d96cdee26fd50,ACADEMICO,indeterminada,,,pendente
247,faq_f330fb9f7fac_default_0,train,05806c18cee8c03d20b2b2f81f5f0cd461c58b96d1885d80a3d5467087efe796,ACADEMICO,indeterminada,,,pendente
248,faq_f330fb9f7fac_default_naturalistic-imperfect_1_2,train,4882feb380268c5fc43740fbaf996c63f7cd1802294c5c64cf3fc90dcbf2fc69,ACADEMICO,indeterminada,,,pendente
249,faq_f3d16760c80d_2,train,90d217fa23a42d7e34ca02f135ee435bbb9a4cb3af886efcc43383d85313efa1,ACADEMICO,indeterminada,,,pendente
250,faq_f3d16760c80d_default_1,train,26b9c369d41799a07b089ede66a8ad17b59a0b432db212ed3748cdbbe9747268,ACADEMICO,media,,,pendente
251,faq_f3d16760c80d_default_casual_0_1,train,5f12a1116306ea00562120ee4d0c5663c31b9e312694f3ddd2258787f4969478,ACADEMICO,indeterminada,,,pendente
252,faq_f3d16760c80d_default_formal_0_2,train,489f0860f6b9f39eb1c7a12bb2399fe40de6194bc192d405acf054dd7933d569,ACADEMICO,media,,,pendente
253,faq_f3d16760c80d_default_naturalistic-imperfect_0_0,train,2075626409a2583a533c0e56caa5e48546dc2f3f2f68586077440d51dbb07542,ACADEMICO,indeterminada,,,pendente
254,faq_f3d16760c80d_default_naturalistic-imperfect_1_0,train,3ed0b44f38dcd43dfe844ed752ba97f23bb8e0f1deba93eaa305988306a6ae74,ACADEMICO,indeterminada,,,pendente
255,faq_f48d52191c02_default_casual_0_0,train,f4a39f04f5dc5ea252f904686ed49882ed1d42faf45b1b43793fa5908f90c53c,ACADEMICO,indeterminada,,,pendente
256,faq_f48d52191c02_default_naturalistic-imperfect_1_0,train,b7946abae0fcd55708ea3a5049ee86d2c808659a9b4a1a5c34941d9226e5ec64,ACADEMICO,indeterminada,,,pendente
257,faq_f933d081969a_0,train,8f816db08ece0f414a68b89bec25efe4a1003bdcc7ed064f12c4524d28ac8402,ACADEMICO,indeterminada,,,pendente
258,faq_f933d081969a_default_casual_1_1,train,b345b639c092f67aa3e08b9f253d61ed912fcf34c06c50c4a07fff16b42d7b56,ACADEMICO,indeterminada,,,pendente
259,faq_f933d081969a_default_formal_1_2,train,a8cbcb35488dad1123eb9562be8bd09cef5548994db5c5af1d991c028f2678a2,ACADEMICO,indeterminada,,,pendente
260,faq_fdee4314bb41_1,train,7da3e66b39801b43dcf6edfec9237348cdad66187e6267949c39ced8e46dd33c,ACADEMICO,indeterminada,,,pendente
261,faq_fdee4314bb41_default_casual_1_2,train,ca4dba45619f8da906aeabac1a6617da33ab44150706e25c736ff9972c86c3e9,ACADEMICO,indeterminada,,,pendente
262,faq_fdee4314bb41_default_formal_1_2,train,c6cb772ddc558e4d44e2a98a8553ea532cf0ff3525473c5a100685f60c1d3ccf,ACADEMICO,indeterminada,,,pendente
263,faq_fe8f3fc23598_default_1,train,19e310a07d04617dd0fe789c799f5cc80f98d024ac8e29ccf49a75ec8037c105,ACADEMICO,indeterminada,,,pendente
264,faq_fe8f3fc23598_default_formal_1_1,train,e3ac9adcbcf755903d1dde0ff5497ed936124d1266a00e5f1b0b605093a64c30,ACADEMICO,indeterminada,,,pendente
265,faq_fe8f3fc23598_related_1_0,train,8113a2fc289795c38b8be6b689674d682d31c52037717f1becb45b5c480fa181,ACADEMICO,indeterminada,,,pendente
266,faq_fe8f3fc23598_related_1_casual_1_0,train,fd0dac90916ab2c189bccc2f01148fde937cb993a6cd971bd55870ed29d27b6d,ACADEMICO,indeterminada,,,pendente
267,faq_ffcb86a4915d_2,train,3ed65c28a87c183767cc73117046cb38272ba6e267f3f01f0906c2b3e4bfd3a8,ACADEMICO,media,,,pendente
268,faq_ffcb86a4915d_default_1,train,dc9a817a7e25877a8a0bb4703a96fb8589f3d09d058749e4820b54772aa6d76e,ACADEMICO,indeterminada,,,pendente
269,faq_ffcb86a4915d_default_casual_1_0,train,7d2a74687f32fe642e4087f3c63bbe136c0c29e5679508777cc5e62f0caf23e5,ACADEMICO,indeterminada,,,pendente
270,faq_ffcb86a4915d_default_formal_0_2,train,e4b8b2632bff0e60ea274de8df3e87f92d7f23196443f4fe0f3c962288a56dd3,ACADEMICO,media,,,pendente
271,faq_401f2f17f2b6_related_0_2,train,0728e71550ce18434e9a5f883a52c650514a83ee1f36a1aff3cc645022175358,ACESSO,media,,,pendente
272,faq_401f2f17f2b6_related_0_naturalistic-imperfect_1_2,train,e7d403d52d4919ecc1be317a85086c6bd327e9142cdccb63c5d6f8261e1aae40,ACESSO,indeterminada,,,pendente
273,faq_ab9a4fb5eb67_related_0_naturalistic-imperfect_1_2,validation,4cf3b6b19f6e90e197224eb1941f8bf3b689a747a373456f48b92e3ebbf2e766,ACESSO,indeterminada,,,pendente
274,faq_36f028c03a62_related_1_formal_0_0,train,64b3b7bc2d325d1d6ca721f1ef013b8ebabd1d6c6c2a0140da9137808f49207d,CADASTRO,media,,,pendente
275,faq_401f2f17f2b6_default_formal_0_0,train,5f3b690f7846337920978056ae55847ef3fbfd3315abff98942ebbe07cc78731,CADASTRO,media,,,pendente
276,faq_401f2f17f2b6_default_naturalistic-imperfect_1_1,validation,70b14c5d685fdd14ea54dc49a59ea6031737ee8e7d9f80c827680ded84d4eae8,CADASTRO,media,,,pendente
277,faq_6d491947824b_default_formal_1_0,train,378c39fd3137d0d8276913d478e928375b9ae10e777015080dcafd87aa1ed053,CADASTRO,indeterminada,,,pendente
278,faq_93422342a1f3_related_0_casual_0_2,train,00d7c8a2728fd96a6b55c47ec5d15a64bb8d95a8f55a572d10b7e861ac59117d,CADASTRO,indeterminada,,,pendente
279,faq_93422342a1f3_related_0_formal_1_1,train,6117647333da867378afa7317a17b7740b5ec15630b2ce3343f11bf6f1498c76,CADASTRO,indeterminada,,,pendente
280,faq_93422342a1f3_related_1_0,train,f2e38d97376bca3ad963823fff86a0677efcebea717cb5a8aec91c959f057294,CADASTRO,indeterminada,,,pendente
281,faq_93422342a1f3_related_1_casual_0_1,train,9151d4f9bfd4044301dc7872ab4127ad04d4020d73c3fbd27e71e495e0099135,CADASTRO,indeterminada,,,pendente
282,faq_96d314cebd14_default_formal_1_0,train,990c37c1cd186f5fd0ce0be7ec55c8f724867ea24f8f430bdd4150c9fab61ac2,CADASTRO,indeterminada,,,pendente
283,faq_b8d11efda785_default_2,train,cacd0bd5cedb3ee512218ffaa5c95a3696e36623723a33df03341f165dd52a23,CADASTRO,indeterminada,,,pendente
284,faq_b8d11efda785_default_casual_0_2,train,52166a7a2eb2bd7a90f6615f9add59555c16ed88b6812a9bae109ea0bd86990e,CADASTRO,indeterminada,,,pendente
285,faq_b8d11efda785_default_formal_0_1,validation,efa20a04c9095a279551b733a54ef9f67fa00330798c8ef38c7cd9089a431b9e,CADASTRO,indeterminada,,,pendente
286,faq_b8d11efda785_default_formal_1_0,train,50b2f2f1ea6c2e2f9b546a38c92b0cadb98cad2b2c95bdb07e76883ec6ddcaa6,CADASTRO,indeterminada,,,pendente
287,faq_bfdc67f67858_1,train,721a19a2feb316f0c452406c41d30e4fdffffa6b4728d87c45f459da5fbaa011,CADASTRO,media,,,pendente
288,faq_bfdc67f67858_default_0,train,f9146054a3dc61952175edc3af373b4282ebfa9130da9483acfd86db8a2872b4,CADASTRO,media,,,pendente
289,faq_bfdc67f67858_default_casual_1_2,train,9eebe6a775e6c40131ae763ac9a25a11404a5363719708c57e91d4485f7feee6,CADASTRO,media,,,pendente
290,faq_bfdc67f67858_default_naturalistic-imperfect_1_1,train,dd65684df4badae5be8466bae2f7025bd5232ef09def6685959d184d20f18182,CADASTRO,indeterminada,,,pendente
291,faq_bfdc67f67858_related_0_naturalistic-imperfect_0_1,train,809b7c05db4a81c99c69f6fa6fde97ab526f6398c0691925bca5868634a822a8,CADASTRO,indeterminada,,,pendente
292,faq_ce3fd3b4eb23_default_formal_0_2,train,987cbfe7f93885413ffc1eb8441e52503b1e8b25e063b8a9490387ad66aa024f,CADASTRO,indeterminada,,,pendente
293,faq_10b7f80b0659_default_casual_0_1,train,b97b13ec134c818437d2069d1436207d8c1dff4aaf74227f461eb611e77d3aa6,FEEDBACK,indeterminada,,,pendente
294,faq_52a92aab1e27_related_0_formal_1_1,train,c2e135a1884a3b8fbec043d53933bed2afa6a36d61d58efac4f5ce86e0b158da,FEEDBACK,media,,,pendente
295,faq_bcb2c61aec15_default_naturalistic-imperfect_1_0,train,78e1f9edbb592daf16a6c41ef9ad4d129577e6c1b5601a64c456a5d060edad67,FEEDBACK,indeterminada,,,pendente
296,faq_c5940d2ca84c_default_formal_1_2,train,6153ba6b2b08ea854c345241eec21671043ba583d1b511b3cb56a861fac11323,FEEDBACK,media,,,pendente
297,faq_bf323362fa4d_default_2,train,4b3efdb6e12d80e99b77002986324dba1b2058768dae7aad062ebe1a7c1998ce,FINANCEIRO,indeterminada,,,pendente
298,faq_ce3fd3b4eb23_default_2,train,a09e8005a85db95dcad73d593bcad43e1d2774d2db308ec5ba7074d09cc60f17,SUPORTE,indeterminada,,,pendente
299,faq_ce3fd3b4eb23_default_casual_0_2,train,5e893fe5260cc6bbb06b841df536b06d067f89ed966f2e9323247f8de386f4bf,SUPORTE,indeterminada,,,pendente
300,faq_ce3fd3b4eb23_default_naturalistic-imperfect_0_2,train,7aa052d28ee3389947de374e73f836ea31e1d2e5ab736e888278d0d19e6ce305,SUPORTE,indeterminada,,,pendente
